{"properties":{"connectionReferences":{"shared_approvals":{"runtimeSource":"embedded","connection":{"connectionReferenceLogicalName":"ya_sharedapprovals_b0ae9"},"api":{"name":"shared_approvals"}},"shared_commondataserviceforapps":{"runtimeSource":"embedded","connection":{"connectionReferenceLogicalName":"ya_sharedcommondataserviceforapps_be81b"},"api":{"name":"shared_commondataserviceforapps"}},"shared_office365":{"runtimeSource":"embedded","connection":{"connectionReferenceLogicalName":"ya_sharedoffice365_124a1"},"api":{"name":"shared_office365"}}},"definition":{"$schema":"https://schema.management.azure.com/providers/Microsoft.Logic/schemas/2016-06-01/workflowdefinition.json#","contentVersion":"1.0.0.0","parameters":{"$connections":{"defaultValue":{},"type":"Object"},"$authentication":{"defaultValue":{},"type":"SecureObject"}},"triggers":{"行が追加、変更、または削除された場合":{"metadata":{"operationMetadataId":"8402b695-d985-42aa-b931-b02f008d753e"},"type":"OpenApiConnectionWebhook","inputs":{"host":{"connectionName":"shared_commondataserviceforapps","operationId":"SubscribeWebhookTrigger","apiId":"/providers/Microsoft.PowerApps/apis/shared_commondataserviceforapps"},"parameters":{"subscriptionRequest/message":1,"subscriptionRequest/entityname":"ya_item","subscriptionRequest/scope":4},"authentication":"@parameters('$authentication')"}}},"actions":{"条件":{"actions":{"条件_2":{"actions":{"開始して承認を待機":{"runAfter":{},"metadata":{"operationMetadataId":"a6533c73-ccf6-4ac4-b075-1a230f9d7662"},"type":"OpenApiConnectionWebhook","inputs":{"host":{"connectionName":"shared_approvals","operationId":"StartAndWaitForAnApproval","apiId":"/providers/Microsoft.PowerApps/apis/shared_approvals"},"parameters":{"approvalType":"BasicAwaitAll","WebhookApprovalCreationInput/title":"@{triggerOutputs()?['body/ya_subject']} (@{outputs('ID_で行を取得する')?['body/fullname']})","WebhookApprovalCreationInput/assignedTo":"@{triggerOutputs()?['body/ya_approver1email']};","WebhookApprovalCreationInput/enableNotifications":true,"WebhookApprovalCreationInput/enableReassignment":true},"authentication":"@parameters('$authentication')"}},"条件_3":{"actions":{"行を更新する":{"runAfter":{},"metadata":{"operationMetadataId":"db807082-ee17-47df-a054-f3d9b5db5b9f"},"type":"OpenApiConnection","inputs":{"host":{"connectionName":"shared_commondataserviceforapps","operationId":"UpdateRecord","apiId":"/providers/Microsoft.PowerApps/apis/shared_commondataserviceforapps"},"parameters":{"entityName":"ya_items","recordId":"@triggerOutputs()?['body/ya_itemid']","item/ya_approver1approved":true},"authentication":"@parameters('$authentication')"}}},"runAfter":{"開始して承認を待機":["Succeeded"]},"else":{"actions":{"メールの送信_(V2)":{"runAfter":{},"metadata":{"operationMetadataId":"81fe394b-1c77-434f-910f-7c6677886e2f"},"type":"OpenApiConnection","inputs":{"host":{"connectionName":"shared_office365","operationId":"SendEmailV2","apiId":"/providers/Microsoft.PowerApps/apis/shared_office365"},"parameters":{"emailMessage/To":"@outputs('ID_で行を取得する')?['body/internalemailaddress']","emailMessage/Subject":"[Rejected1] @{triggerOutputs()?['body/ya_subject']}","emailMessage/Body":"<p><br></p>"},"authentication":"@parameters('$authentication')"}},"終了":{"runAfter":{"メールの送信_(V2)":["Succeeded"]},"metadata":{"operationMetadataId":"77eb29ce-673b-419d-906e-e887553aca32"},"type":"Terminate","inputs":{"runStatus":"Succeeded"}}}},"expression":{"equals":["@outputs('開始して承認を待機')?['body/outcome']","Approve"]},"metadata":{"operationMetadataId":"c5e6a1d7-bb80-4ead-bddd-14a111167cdf"},"type":"If"}},"runAfter":{},"expression":{"not":{"equals":["@triggerOutputs()?['body/ya_approver1approved']",true]}},"metadata":{"operationMetadataId":"4cf3b86c-1eea-49ee-98ae-e6703dbc9ee7"},"type":"If"}},"runAfter":{"ID_で行を取得する":["Succeeded"]},"else":{"actions":{"終了_4":{"runAfter":{},"metadata":{"operationMetadataId":"ef2e7bed-e6bc-4677-870d-77678f930674"},"type":"Terminate","inputs":{"runStatus":"Failed","runError":{"message":"承認者1は必須です。"}}}}},"expression":{"not":{"equals":["@triggerOutputs()?['body/ya_approver1email']","@null"]}},"metadata":{"operationMetadataId":"33dca1b8-0028-43ff-8068-c167af2db9a6"},"type":"If"},"条件_4":{"actions":{"条件_5":{"actions":{"開始して承認を待機_2":{"runAfter":{},"metadata":{"operationMetadataId":"88f820a1-6f3a-4223-8980-ee02c3155e9b"},"type":"OpenApiConnectionWebhook","inputs":{"host":{"connectionName":"shared_approvals","operationId":"StartAndWaitForAnApproval","apiId":"/providers/Microsoft.PowerApps/apis/shared_approvals"},"parameters":{"approvalType":"BasicAwaitAll","WebhookApprovalCreationInput/title":"@{triggerOutputs()?['body/ya_subject']} (@{outputs('ID_で行を取得する')?['body/fullname']})","WebhookApprovalCreationInput/assignedTo":"@{triggerOutputs()?['body/ya_approver2email']};","WebhookApprovalCreationInput/enableNotifications":true,"WebhookApprovalCreationInput/enableReassignment":true},"authentication":"@parameters('$authentication')"}},"条件_6":{"actions":{"行を更新する_2":{"runAfter":{},"metadata":{"operationMetadataId":"16173cc8-2407-4fc6-808e-03fdb468137b"},"type":"OpenApiConnection","inputs":{"host":{"connectionName":"shared_commondataserviceforapps","operationId":"UpdateRecord","apiId":"/providers/Microsoft.PowerApps/apis/shared_commondataserviceforapps"},"parameters":{"entityName":"ya_items","recordId":"@triggerOutputs()?['body/ya_itemid']","item/ya_approver2approved":true},"authentication":"@parameters('$authentication')"}}},"runAfter":{"開始して承認を待機_2":["Succeeded"]},"else":{"actions":{"メールの送信_(V2)_2":{"runAfter":{},"metadata":{"operationMetadataId":"5794fa32-1264-47c4-9229-227dd2b4dde5"},"type":"OpenApiConnection","inputs":{"host":{"connectionName":"shared_office365","operationId":"SendEmailV2","apiId":"/providers/Microsoft.PowerApps/apis/shared_office365"},"parameters":{"emailMessage/To":"@outputs('ID_で行を取得する')?['body/internalemailaddress']","emailMessage/Subject":"[Rejected2] @{triggerOutputs()?['body/ya_subject']}","emailMessage/Body":"<p><br></p>"},"authentication":"@parameters('$authentication')"}},"終了_2":{"runAfter":{"メールの送信_(V2)_2":["Succeeded"]},"metadata":{"operationMetadataId":"756069c7-7cc2-45ca-bf34-8a390035b685"},"type":"Terminate","inputs":{"runStatus":"Succeeded"}}}},"expression":{"equals":["@outputs('開始して承認を待機_2')?['body/outcome']","Approve"]},"metadata":{"operationMetadataId":"7168f407-2e9f-49ea-b541-391be7254590"},"type":"If"}},"runAfter":{},"expression":{"not":{"equals":["@triggerOutputs()?['body/ya_approver2approved']",true]}},"metadata":{"operationMetadataId":"ed26a9c9-9998-488b-9728-5041963e5031"},"type":"If"}},"runAfter":{"条件":["Succeeded"]},"expression":{"not":{"equals":["@triggerOutputs()?['body/ya_approver2email']","@null"]}},"metadata":{"operationMetadataId":"1fbe8b12-9892-4607-b545-e9feb569908c"},"type":"If"},"ID_で行を取得する":{"runAfter":{},"metadata":{"operationMetadataId":"b97bf1fa-d9a6-4d71-a482-f402f78e4162"},"type":"OpenApiConnection","inputs":{"host":{"connectionName":"shared_commondataserviceforapps","operationId":"GetItem","apiId":"/providers/Microsoft.PowerApps/apis/shared_commondataserviceforapps"},"parameters":{"entityName":"systemusers","recordId":"@triggerOutputs()?['body/_createdby_value']"},"authentication":"@parameters('$authentication')"}},"条件_7":{"actions":{"条件_8":{"actions":{"開始して承認を待機_3":{"runAfter":{},"metadata":{"operationMetadataId":"ee03bb4f-e68d-44f0-ba49-df06ba27dab9"},"type":"OpenApiConnectionWebhook","inputs":{"host":{"connectionName":"shared_approvals","operationId":"StartAndWaitForAnApproval","apiId":"/providers/Microsoft.PowerApps/apis/shared_approvals"},"parameters":{"approvalType":"BasicAwaitAll","WebhookApprovalCreationInput/title":"@{triggerOutputs()?['body/ya_subject']} (@{outputs('ID_で行を取得する')?['body/fullname']})","WebhookApprovalCreationInput/assignedTo":"@{triggerOutputs()?['body/ya_approver3email']};","WebhookApprovalCreationInput/enableNotifications":true,"WebhookApprovalCreationInput/enableReassignment":true},"authentication":"@parameters('$authentication')"}},"条件_9":{"actions":{"行を更新する_3":{"runAfter":{},"metadata":{"operationMetadataId":"07d4d1dd-293b-44ba-b951-192d0f86d117"},"type":"OpenApiConnection","inputs":{"host":{"connectionName":"shared_commondataserviceforapps","operationId":"UpdateRecord","apiId":"/providers/Microsoft.PowerApps/apis/shared_commondataserviceforapps"},"parameters":{"entityName":"ya_items","recordId":"@triggerOutputs()?['body/ya_itemid']","item/ya_approver3approved":true},"authentication":"@parameters('$authentication')"}}},"runAfter":{"開始して承認を待機_3":["Succeeded"]},"else":{"actions":{"メールの送信_(V2)_3":{"runAfter":{},"metadata":{"operationMetadataId":"b76cb754-01e8-4224-82d8-a0753a22e55c"},"type":"OpenApiConnection","inputs":{"host":{"connectionName":"shared_office365","operationId":"SendEmailV2","apiId":"/providers/Microsoft.PowerApps/apis/shared_office365"},"parameters":{"emailMessage/To":"@outputs('ID_で行を取得する')?['body/internalemailaddress']","emailMessage/Subject":"[Rejected3] @{triggerOutputs()?['body/ya_subject']}","emailMessage/Body":"<p><br></p>"},"authentication":"@parameters('$authentication')"}},"終了_3":{"runAfter":{"メールの送信_(V2)_3":["Succeeded"]},"metadata":{"operationMetadataId":"05d424f9-4e39-4c60-9304-443479c61eb5"},"type":"Terminate","inputs":{"runStatus":"Succeeded"}}}},"expression":{"equals":["@outputs('開始して承認を待機_3')?['body/outcome']","Approve"]},"metadata":{"operationMetadataId":"8ecaf0c9-1d7e-41e8-b9e0-58542b45065b"},"type":"If"}},"runAfter":{},"expression":{"not":{"equals":["@triggerOutputs()?['body/ya_approver3approved']",true]}},"metadata":{"operationMetadataId":"65cdfc15-f8fe-4f59-8738-80770beb2e17"},"type":"If"}},"runAfter":{"条件_4":["Succeeded"]},"expression":{"not":{"equals":["@triggerOutputs()?['body/ya_approver3email']","@null"]}},"metadata":{"operationMetadataId":"4f9b7657-47fd-4aed-8086-789b6455ce05"},"type":"If"},"メールの送信_(V2)_4":{"runAfter":{"条件_7":["Succeeded"]},"metadata":{"operationMetadataId":"3bccb0a8-4bea-4d6e-9ad7-650681810562"},"type":"OpenApiConnection","inputs":{"host":{"connectionName":"shared_office365","operationId":"SendEmailV2","apiId":"/providers/Microsoft.PowerApps/apis/shared_office365"},"parameters":{"emailMessage/To":"@outputs('ID_で行を取得する')?['body/internalemailaddress']","emailMessage/Subject":"[Completed] @{triggerOutputs()?['body/ya_subject']}","emailMessage/Body":"<p>@{triggerOutputs()?['body/ya_subject']}<br>\n<br>\n@{triggerOutputs()?['body/ya_message']}<br>\n<br>\n</p>"},"authentication":"@parameters('$authentication')"}}},"outputs":{}}},"schemaVersion":"1.0.0.0"}